Name,Address,Phone,Website,Email
Boatyard Boulders Nottingham,"Boatyard Boulders, The Arches Adventure Base
Meadow lane., Nottingham, Nottinghamshire, NG2 3HF, England",7541610591,boatyardboulders.co.uk,manager@boatyardboulders.com
Red Goat Climbing Company,"6 Redeness Street,, York, North Yorkshire, YO31 7UU, England",01904 731548,redgoatclimbing.co.uk,info@redgoatclimbing.co.uk
St Peters School,"Clifton, York, North Yorkshire, YO30 6AB, England",01904 623 213,,
York University Sports Centre,"Heslington, York, North Yorkshire, YO10 5DD, England",01904 433 855,,
Freeklime York,"Freeklime York
Unit 16 Kettlestring Lane
Clifton Moor, York, North Yorkshire, YO30 4XF, England",01904 691595,freeklime.co.uk,info@freeklimeyork.co.uk
Energise,"Cornlands Road, York, North Yorkshire, YO24 3DX, England",01904 403900,better.org.uk,energise@york.gov.uk
Live For Today Climbing Centre (Harrogate),"Hornbeam Park Avenue, Hornbeam Park, Harrogate, HG2 8QT, Harrogate, North Yorkshire, HG2 8QT, England",01423 229 780,live-for-today.com,climbing@live-for-today.com
Last Sun Dance,"21 FELNEX CLOSE, LEEDS, West Yorkshire, LS9 0TN, England",0113 2407832,lastsundance.com,info@lastsundance.com
Leeds University Department of Physical Education,"Woodhouse Lane, Leeds, West Yorkshire, LS2 9JT, England",0113 233 5080,,
Leeds City Bloc,"Airdale Industrial Estate, Kitson Road, Leeds, West Yorkshire, LS10 1NT, England",,citybloc.co.uk,info@citybloc.co.uk
Beckett Park Sports Centre (was Carnegie College),"Leeds Metropolitan University, Churchwood Ave, Leeds, West Yorkshire, LS6 3QS, England",0113 812 3160,,
The Climbing Lab,"UnitS 11, 12, 14 & 15 Kirkstall Ind. Park, Off Kirkstall Road, leeds, West Yorkshire, LS42AZ, England",1132632742,climbinglab.co.uk,info@climbinglab.co.uk
"The Big Depot, Leeds","100a Gelderd Rd, Leeds, West Yorkshire, LS12 6BY, England",0113 318 3367,,info@theclimbingdepot.com
BIG Depot Leeds,"100a Gelderd Rd, Holbeck, Leeds, West Yorkshire, LS12 6BY, England",0113 318 3367,depotclimbing.co.uk,info@theclimbingdepot.com
Trinity and All Saints College,"Brownberrie Lane, Horsforth, Leeds, West Yorkshire, LS18 5HD, England",01132 283 7100,,
Silcoates School,"Silcoates Lane, Wrenthorpe, Wakefield, West Yorkshire, WF2 0PD, England",01924 291 614,,
Aireborough Leisure Centre,"The Green, Guiseley, Leeds, West Yorkshire, LS20 9BT, England",01943 877 131,,
Depot Climbing Pudsey,"173 Richardshaw Lane, Pudsey, Leeds, West Yorkshire, LS28 6AA, England",0113 345 9295,theclimbingdepot.co.uk,info@theclimbingdepot.com
The Circuit (Winterton),"89 north street winterton, Winterton, Lincolnshire, DN159QW, England",,,m-josh@hotmail.co.uk
Bradford University Sports Centre,"Richmond Rd, Bradford, West Yorkshire, BD7 1DP, England",01274 234 868,,
The Climbing Hub,"Unit 10 to 13
Beckside Business Park
Beckside Road, Bradford, West Yorkshire, BD7 2BR, England",1274270123,theclimbinghub.co.uk,info@theclimbinghub.co.uk
West Common Sports Hall,"West Common Lane, Scunthorpe, Humberside, DN17 1DS, England",01724 865 407,,
Rock City /Rockcity (Hull Indoor Climbing Centre),"Hawthorn Ave, Hull, Humberside, HU3 5GL, England",01482 223030,rockcity.co.uk,info@rockcity.co.uk
The Tendon Shelter,"Scunthorpe, North Lincolnshire, Scunthorpe, Lincolnshire, DN16 3LD, England",7907381688,red-tips.com,liamcopley@hotmail.co.uk
Mad Volume Climbing,"1 Beverley Road
Hull
HU3 1XS, Hull, East Riding of Yorkshire, HU3 1XS, England",,,Info@madvolume.co.uk
ROKT Climbing Gym,"The Old Flour Mill, Mill Royd Street, Brighouse, West Yorkshire, HD6 1EY, England",01484 717444,rokt.co.uk,climbing@rokt.co.uk
Scalby School,"Fieldstead Crescent, Newby, Scarborough, North Yorkshire, YO12 6TJ, England",01723 362301,,
The Street,"Coast & Vale Community Action
12 Lower Clark Street, Scarborough, North Yorkshire, YO12 7PW, England",01723 480033,cavca.org.uk,admin@cavca.org.uk
FREEKLIME,"FREEKLIME, Lincoln Street, St Andrews Road, Huddresfield, West Yorkshire, HD1 6RX, England",01484 907026,freeklime.co.uk,info@freeklime.co.uk
"Kendal Wall, Lakeland Climbing Centre","Unit 27, Lake District Business Park, Mint Bridge Road, Kendal, Cumbria, LA9 6NH, England",01539 721766,lakelandclimbingcentres.co.uk,info@kendalwall.co.uk
LancasterWall,"Unit 31, 
Lune Industrial Estate, Lancaster, Lancashire, LA15QP, England",1524928978,lakelandclimbingcentres.co.uk,info@lancasterwall.co.uk
Macmillan Academy Climbing Centre,"Stockton Rd, Middlesbrough, Cleveland, TS5 4AG, England",01642 800800,,
Rock Antics Middlesbrough,"Unit K, , Warelands Way Ind Est,, Longlands Road, Middlesbrough, Cleveland, TS4 2JY, England",01642 232236,rockantics.co.uk,info@rockantics.co.uk
Awesome Walls Climbing Centre,"Garter Street (off Carlise Street), Sheffield, South Yorkshire, England",01142 446622,awesomewalls.co.uk,sheffield@awesomewalls.co.uk
Teesside University,"Olympia Sports Building,, Teesside University, , Victoria Road,, Middlesbrough,, Cleveland, TS1 3BA, England",01642 342267,facebook.com,sport@tees.ac.uk
The Climbing Hangar Sheffield,"Unit A & B, 15 Sutherland St, Sheffield, South Yorkshire, S4 7WG, England",0114 399 8980,theclimbinghangar.com,sheffield@theclimbinghangar.com
The Depot Climbing Centre,"232 Woodbourn Road, Sheffield, South Yorkshire, S9 3LQ, England",0114 327 1948,theclimbingdepot.co.uk,info@theclimbingdepot.com
The Foundry Climbing Centre,"Unit 2, 45 Mowbray Street, Sheffield, South Yorkshire, S3 8EN, England",0114 279 6331,foundryclimbing.com,wall@foundryclimbing.com
David Hopwood Teesoutdoors,"105 St Germains Lane
Marske By The Sea,, Redcar, Cleveland, TS117EL, England",07802 480065,,dc.hopwood@ntlworld.com
Ibex Bouldering,"Unit 5, 110 E Mount Rd, Darlington DL1 1LE, Darlington, County Durham, DL1 1LE, England",1325380037,ibexbouldering.co.uk,
The Matrix,"U Sport, Goodwin Sports Centre, Northumberland Road, Sheffield, South Yorkshire, S10 2TY, England",0114 222 6999,usport.co.uk,goodwin@sheffield.ac.uk
Todmorden Climbing Skool,"Vale Street, Todmorden, Lancashire, Todmorden, West Yorkshire, OL145DL, England",01706 819100,todclimbingwall.co.uk,georginalindley@live.co.uk
Tod Climbing Wall (trading as Climbing'skool),"Vale Street, Todmorden, West Yorkshire, OL14 5DL, England",01706 819100,todclimbingwall.co.uk,todclimbingwall@hotmail.com
Virgin Active,"Broadfield Road, Sheffield, South Yorkshire, S8 0XQ, England",0845 2300 106,virginactive.co.uk,SH@virginactive.co.uk
Mark Crewdson,"127 Gisburn Road, Barnoldswick, Lancashire, BB18 5JU, England",7368627384,advancedclimbingsolutions.co.uk,advancedclimbingsolutions@gmail.com
The Climbing Works,"Centenary Works, Little London Road, Sheffield, South Yorkshire, S8 0UJ, England",0114 2509990,climbingworks.com,info@climbingworks.com
Robinwood Activity Centre,"Jumps Rd, Todmorden, Lancashire, OL14 8HJ, England",01706 814 554,,
Hollingworth Lake WAC,"Littleborough Sports Centre, Calderbrook Road, Littleborough, Rochdale., Lancashire, OL15 9JQ, England",01706 756602,link4life.org,holwac@link4life.org
Rof59 Climbing Centre,"ROF 59, 1 Durham Way S, Newton Aycliffe, Newton Aycliffe, County Durham, DL5 6XN, England",01325 728222,rof59climbingcentre.co.uk,climb@rof59.co.uk
Barden Community Association,"Barden High School, Heald Rd, off Barden Lane, Burnley, Lancashire, BB10 1JB, England",01282 831 394,,
The Wall   ( Ghettopark ),"135 Freeman Street, Grimsby, DN32 7AP, Grimsby, Lincolnshire, DN32 7AP, England",07513 212563,ghettopark.co.uk,
Healthy Living centre,"Healthy Living Centre, Barlow Road, Chesterfield, S43 3XR, Chesterfield, Derbyshire, S43 3XR, England",1246345666,chesterfield.gov.uk,hlcenquiries@chesterfield.gov.uk
The Adventure Hub,"The Adventure Hub, Hope Valley Garden Centre, Hope Road, Bamford, Derbyshire, S33 0AL, England",1433695544,adventure-hub.com,info@adventure-hub.com
Glossop Leisure Centre,"High St East, Glossop, Derbyshire, SK13 8PN, England",01457 842272,,
New Dimension,"Balderstone Technology College,  Queen Victoria St, Rochdale, Greater Manchester, OL11 2HJ, England",01706 751500,,patf@btc.ac.uk
Longdendale Recreation Centre,"Manley Grove, Hattersley via Hyde, Hyde, Cheshire, SK14 6PJ, England",01457 762 042,,
Teesdale Indoor Climbing Wall,"Teesdale Leisure Centre, Strathmore Road, Barnard Castle , Durham, Barnard Castle, County Durham, DL12 8DS, England",03000 260862,facebook.com,leisure-teesdale@durham.gov.uk
Roefield Leisure Centre,"Edisford Rd, Clitheroe, Lancashire, BB7 3LA, England",01200 442 188,,sport@roefield.co.uk
Bury Climbing Centre,"Fountain Street North, Bury, Lancashire, BL9 7AN, England",0161 762 2613,buryclimbingcentre.co.uk,buryclimbingcentre@acornbusinesscentre.co.uk
The Showroom Climbing Centre,"The Showroom, Tritton Road, Lincoln, Lincolnshire, LN6 7QY, England",01522 508367,lincsymca.co.uk,climbing@theshowroom.org.uk
BlocHaus Climbing,"Unit 1 Wood Street
Openshaw, Manchester, Greater Manchester, M11 2FB, England",1612318898,blochausclimbing.com,hello@blochausclimbing.com
Westfield Folkhouse,"Westfield Lane, Mansfield, Nottinghamshire, NG18 1TL, England",01623 660 611,,
Rope Race Climbing Centre,"The Goyt Mill, Upper Hibbert Lane, Marple,, Stockport., Greater Manchester, SK6 7HX, England",0161 426 0226,roperace.co.uk,contact@roperace.co.uk
The Ridge Climbing Centre,"Goyt Mill, Upper Hibbert Ln, Marple, Stockport SK6 7HX, Stockport, Greater Manchester, SK6 7HX, England",1614260226,theridgeclimbing.co.uk,info@theridgeclimbing.co.uk
North Kesteven Sports Centre,"Moor Lane, North Hykeham, Lincoln, Lincolnshire, LN6 9AX, England",01522 883 311,,
Robert Pattison Adult Education Centre,"Moor Lane, North Hykeham, Lincoln, Lincolnshire, LN6 9AF, England",01522 681 861,,
Parthian Climbing Manchester,"St.Benedict's Church,  Bennett Street, Ardwick, Manchester, Greater Manchester, M12 5ND, England",0161 230 7006,parthianclimbing.com,manchester@parthianclimbing.com
Awesome Walls Climbing Centre,"The Engine House, Pear Mill, Stockport Rd West, Lower Bredbury,, Stockport, Greater Manchester, England",0161 494 9949,awesomewalls.co.uk,stockport@awesomewalls.co.uk
Ingleton Climbing Wall,"11 Main Street, Ingleton, Carnforth, Lancashire, LA6 3EB, England",7398702479,ingletonclimbingwall.com,info@ingletonclimbingwall.com
Ingleton Climbing Wall,"11 The Square, Ingleton, North Yorkshire, LA6 3EG, England",7398702479,ingletonclimbingwall.com,info@ingletonclimbingwall.com
Rock Over Climbing - Manchesters Bouldering Centre,"Rock Over Climbing, Clarence Hat Works, 45 Julia Street, M3 1LN, Manchester, Greater Manchester, M3 1LN, England",0161 288 1218,rockoverclimbing.com,info@rockoverclimbing.com
The Mill,"The Mill Adventure Base, Kings Mill Reservoir, Sherwood Way South, Sutton in Ashfield, Nottinghamshire, NG174PA, England",0115 9775775,,nottsoutdoors@nottscc.gov.uk
Broughton Recreation Centre,"Camp St, Salford, Greater Manchester, M7 1ZT, England",0161 792 2375,broughtonpower.wetpaint.com,
Onyx Climbing Wall,"Unit 11&12 Hill Street, Blackburn, Lancashire, BB1 3BD, England",01254 916777,onyxclimbing.co.uk,hello@onyxclimbing.co.uk
Durham Climbing Centre,"Durham Climbing Centre,  St John's Road, Meadowfield Industrial Estate, Durham, Durham, County Durham, DH7 8TZ, England",0191 3789555,durhamclimbingcentre.co.uk,info@durhamclimbingcentre.co.uk
Vertical Chill Indoor Ice Wall,"130 Deansgate Street, Manchester, Greater Manchester, M3 2QS, England",0161 837 6140,vertical-chill.com,vertical.chillmanchester@ellis-brigham.com
The Bouldering Asylum,"Unit 8, Hamilton Road, Nottingham, Sutton-in-Ashfield, Nottinghamshire, NG17 5LD, England",01623 559494,,boulderingasylum@gmail.com
Ellis Brigham Shop,"Duke Street, Manchester, Manchester, Greater Manchester, M3 4NF, England",0161 2116203,,
Salford University Climbing Wall,"The Leisure Centre, University Rd, Salford, Greater Manchester, M5 4WT, England",0161 737 6206,,
Fairfield Community Centre,"Victoria Park Rd, Buxton, Derbyshire, SK17 7PE, England",01298 78933,,
YMCA,"Edinburgh House, Clarence St, Blackburn, Lancashire, BB1 8AN, England",01254 51009,,
White Hall Centre,"Long Hill (the Manchester Rd), Buxton, Derbyshire, SK17 6SX, England",01298 23260,,
Cordeaux High School,"North Holme Rd, Louth, Lincolnshire, LN11 0HG, England",01507 606555,,
Helly Hansen Watersport centre,"Watersport centre, 15 The Quays, Salford, Greater Manchester, M50 3SQ, England",0161 877 7252,salfordcommunityleisure.co.uk,watersportscentre@scll.co.uk
Bolton Excel Leisure Centre,"Lower Bridgeman Street, Bolton, Greater Manchester, BL2 1EN, England",01204 334 456,,
Depot Climbing Manchester,"N1/N2, Central Park Estate, 14 Mosley Rd, Stretford,, Manchester, Greater Manchester, M17 1PG, England",0161 848 9495,theclimbingdepot.co.uk,tom@theclimbingdepot.com
Bolton Institute of Technologies Sports Department,"Dean Rd, Bolton, Greater Manchester, BL3 5AB, England",01204 903 636,,
Bolton one Sports Centre,"Moor Lane, Bolton, Lancashire, BL3 5NB, England",1204903172,bolton.ac.uk,sportcentre@bolton.ac.uk
Sale Leisure Centre,"Broad Rd, Sale, Greater Manchester, M33 2AL, England",0161 912 3360,,
"Substation Climbing, Yoga & Café","Unit 2B, Queens Court, Queens Avenue, Macclesfield, Cheshire, SK10 2BN, England",01625 440144,substation.co.uk,info@substation.co.uk
Wirksworth Leisure Centre,"(nr Anthony Gell School), Hannage Way, Wirksworth, Matlock, Derbyshire, DE4 4JG, England",01629 824 717,freedom-leisure.co.uk,wirksworth@freedom-leisure.co.uk
Macclesfield Leisure Centre,"Priory Lane, Macclesfield, Cheshire, SK10 4AF, England",01625 615602,,
The Chapel,"Macclesfield, Macclesfield, Cheshire, SK11 7JB, England",,,
Boulder UK,"3B Carnfield Place, Walton Summit, Bamber Bridge, Preston, Lancashire, PR5 8AN, England",01772 337447,boulderuk.co.uk,info@boulderuk.co.uk
PrestonWall,"Ribbleton Ln, Preston PR1 5EP, Preston, Lancashire, PR1 5EP, England",1772846845,lakelandclimbingcentres.co.uk,info@prestonwall.co.uk
Sunderland Wall,"Doxford Works, Pallion Quay, Sunderland, Tyne & Wear, SR4 6TQ, England",0191 514 4234,sunderlandwall.com,info@sunderlandwall.com
St Michaels C of E High School,"Astley Rd, Chorley, Lancashire, PR7 1RS, England",01257 264 740,,
Bendrigg Trust,"Bendrigg Trust, 
Bendrigg Lodge
Cumbria",1539723766,bendrigg.org.uk,jo@bendrigg.org.uk
Mobile Wall,"15 Springwood Close, Preston, Lancashire, PR5 4AF, England",07903 573 585,hillclimbactivities.co.uk,
Nottingham Climbing Centre,"The Old Pool, 212 Noel St, New Basford, Nottingham, Nottinghamshire, NG7 6AT, England",0115 998 8233,nottingham-climbing.co.uk,info@nottingham-climbing.co.uk
Nottingham High School,"Waverley Mount, Nottingham, Nottinghamshire, NG7 4ED, England",0115 978 6056,,
The Depot Climbing Centre,"THE TRAM DEPOT,  4 KING EDWARD STREET, Nottingham, Nottinghamshire, England",0115 958 9214,theclimbingdepot.co.uk,craig@theclimbingdepot.com
Lancaster University Climbing Wall,"Sports Centre, Lancaster University, Lancaster, Lancaster, Lancashire, LA1 4XX, England",01524 510600,lancaster.ac.uk,climbing@lancaster.ac.uk
Lyndhurst Comprehensive School,"Beacon Lough Rd, Gateshead, Tyne & Wear, NE9 6TA, England",0191 421 0386,,
Hedworthfield Comprehensive School,"Cornhill, Hedworth Estate, Jarrow, Tyne & Wear, NE32 4QD, England",0191 420 3322,,
Upper Limits,"Leek High Specialist Technology College, Springfield Rd, LEEK, Staffordshire, ST13 6EU, England",01538 483054,,upperlimits@leek.ac.uk
University of Nottingham Climbing Wall,"University Park, University of Nottingham, Nottingham, Nottinghamshire, NG72RD, England",0115 7487001,nottingham.ac.uk,climbingwall@nottingham.ac.uk
Meadows Youth Club,"Wilford Crescent East, The Meadows, Nottingham, Nottinghamshire, NG2 2EA, England",0115 986 1248,,
Appleby Under 18's Climbing Club,"Eden Community Outdoors, Centre 67, Chapel Street, Appleby-in-Westmorland, Cumbria, CA16 6QR, England",1768351640,edencommunityoutdoors.org.uk,appleby.climbing@live.co.uk
Appleby Climbing Wall,"Appleby Climbing Wall, Eden Community Outdoors / C67, Chapel Street, Appleby, Cumbria, CA16 6QR, England",4.41768E+11,edencommunityoutdoors.org.uk,info@edencommunityoutdoors.org.uk
LancsterWall,"LancasterWall Unit 31, Lune Industrial Estate
Europa Way, LANCASTER, Lancashire, LA1 5QP, England",01524 928978,lakelandclimbingcentres.co.uk,info@lancasterwall.co.uk
Kingsdown High School,"Montrose Ave, Wigan, Greater Manchester, WN5 9XL, England",01942 515 370,,
Whickham Thorns Centre,"Market Lane, Dunston, Gateshead, Tyne & Wear, NE11 9NX, England",0191 4335767,,whickhamthorns@Gateshead.Gov.Uk
Cliffs Barn Climbing Wall,"Cliff Farm, Wood Lane, Mawdesley, Ormskirk, Merseyside, L40 2RL, England",01704 822 644,rockandriver.co.uk,
The Valley,"The Valley Climbing Centre
Ouseburn
Byker
Newcastle upon Tyne, Newcastle upon Tyne, Tyne & Wear, NE6 1NW, England",,,
Climb Newcastle,"Old Swimming Pool, Shipley Place, Byker, Newcastle Upon Tyne, Tyne & Wear, NE6 2DQ, England",1912762174,climbnewcastle.com,info@climbnewcastle.com
Newcastle Climbing Centre,"St Marks Church                                  285 Sheilds Road, Byker, Newcastle Upon Tyne, Tyne & Wear, NE6 2UQ, England",0191 265 60 60,newcastleclimbingcentre.co.uk,enquiries@newcastleclimbingcentre.co.uk
Berghaus Wall,"Eldon Leisure, Eldon Sq, High Friars, Newcastle on Tyne, Tyne & Wear, NE1 7XY, England",0191 2699200,better.org.uk,
Northumbria University - Sport Central,"Sport Central, Off Northumberland Road, Northumbria University, Newcastle Upon Tyne, Newcastle Upon Tyne, Tyne & Wear, NE1 8ST, England",0191 227 4700,nusportcentral.com,sportcentral@northumbria.ac.uk
University of Derby Climbing Wall,"Sports Centre, University Of Derby, Kedleston Road, Derby, Derbyshire, DE221GB, England",01332 519790,teamderby.com,sportscentre@derby.ac.uk
University of Derby Climbing Wall,"Sports Centre, University of Derby, Kedleston Road, Derby, Derbyshire, DE221GB, England",1332519790,teamderby.com,sportscentre@derby.ac.uk
The Climbing Unit,"Unit 5, Mason’s Place business park, Nottingham Road, Chaddesden, Derbyshire, DE21 6YZ, England",01332 265 864,theclimbingunit.com,info@theclimbingunit.com
North West Face,"St Anns Church, Winwick Rd, Warrington, Cheshire, WA2 7NE, England",01925 650 022,northwestface.com,info@northwestface.com
Freedom Climber at The Lemington Centre,"The Lemington Centre, Tyne View, Lemington, Newcastle upon Tyne, Tyne & Wear, NE15 8RZ, England",1912641959,lemingtoncentre.co.uk,linz.charlton@btinternet.com
Alter-rock Climbing Centre,"St. James Church,, Malcolm Street, Derby, Derby, Derbyshire, DE238LU, England",01332 367200,alter-rock.co.uk,questions@alter-rock.co.uk
Grantham Meres Sports Centre,"Trent Rd, Grantham, Lincolnshire, NG31 7XQ, England",01476 581 930,,
Newburn Leisure Centre,"Grange Road, Newburn, Tyne & Wear, NE15 8ND, England",0191 264 0014,,neal.thompson@newburnactivity.co.uk
St Helen's YWCA,"Parr Community Centre, Nunn Street, St Helens, Merseyside, WA9 1SF, England",01744 25813,,
Great Sankey Leisure Centre,"Barrowhall Lane, Great Sankey, Warrington, Cheshire, WA5 3AA, England",01925 724411,,
Moorways Sports Centre,"Moor Lane, Allenton, Derby, Derbyshire, DE24 9HY, England",01332 363 686,,
Northumberland Scout Camp Site (Gosforth Pk),"Gosforth Park, Newcastle on Tyne, Tyne & Wear, NE3 5EP, England",0191 268 2572,,
The Bouldering Cave,"Sculptures Fitness Suite, High St, Tunstall, Stoke-on-Trent, Staffordshire, ST6 5EA, England",,,
Kilnworx Climbing Centre,"Wycliffe Hall, Wycliffe Street, Burslem, Staffordshire, ST6 3ET, England",01782 938491,kilnworx.org,climb@kilnworx.org
Dukeshouse Wood Centre,"Fellside, Hexham, Northumberland, NE46 1TP, England",01434 602622,,
BeBOULDER,"Unit 2, Waterloo Court, Waterloo Road, Widnes, Cheshire, WA8 0QF, England",0151 423 0706,be-boulder.co.uk,beboulder@hotmail.co.uk
Concordia Leisure Centre,"Forum Way, New Town Centre, Cramlington, Northumberland, NE23 6YB, England",01670 717 421,,
Blackpool & The Fylde College,"2 Ashfield Rd, Blackpool, Lancashire, FY2 0DJ, England",01253 352 352,,
Prescot School,"Knowsley Park Lane, Prescot, Merseyside, L34 3NB, England",0151 426 5571,,
Stanley Matthews Sport Centre,"Leek Road, Stoke-on-Trent, Staffordshire, ST4 2DF, England",01782 294 124,sumc.co.uk,info@sumc.co.uk
Awesome Walls Climbing Centre,"Sefton Road, Longton East, Stoke-on-Trent, Stoke-on-Trent, ST3 5LW, England",01782 341919,awesomewalls.co.uk,stoke@awesomewalls.co.uk
Blackpool Sports Centre,"West Park Drive, Blackpool, Lancashire, FY3 9HQ, England",01253 478470,sportblackpool.co.uk,
Audley Climbing Centre,"Castle Hill,
Nantwich Road,
Audley, Stoke On Trent, Stoke-on-Trent, ST7 8DH, England",01782 722226,peakpursuits.co.uk,audleyclimbing@peakpursuits.co.uk
Jubilee2,"Brunswick Street, Newcastle under Lyme, Staffordshire, ST5 1HG, Newcastle under Lyme, Staffordshire, ST5 1HG, England",01782 616606,jubilee2.com,climbing@newcastle-staffs.gov.uk
Blackpool Climbing Towers,"Base Camp, George Bancroft park ,Stansfield Street, Blackpool, Lancashire, FY1 6JB, England",,sportblackpool.co.uk,climbingtowers@blackpool.gov.uk
King George V College,"Scarisbrick New Rd, Southport, Merseyside, PR8 6LR, England",01704 530 601,,
Southport YMCA,"81 Hoghton Street, Southport, Southport, Merseyside, PR9 0PR, England",01704 538 317,,simplysoccertom@gmail.com
The Climbing Station,"The Climbing Station, Empress Road, Loughborough, Leicestershire, LE11 1RH, England",01509 217636,theclimbingstation.com,info@theclimbingstation.com
"The Sports Centre, Keele University","Keele, Newcastle, Staffordshire, ST5 5BG, England",01782 583368,kusu.net,
Ambleside Climbing Wall,"Adventure Peaks, 101 Lake Road, LA22 0BD, Ambleside, Cumbria, LA22 0DB, England",015394 33794,amblesideadventure.co.uk,george@adventurepeaks.com
Hindleys Community College,"Forest St, Shepshed, Leicestershire, LE12 9DB, England",01509 504 511,,
"Eden Climbing Wall, Penrith Leisure Centre","Southend Rd, Penrith, Cumbria, CA11 8JH, England",01768 863 450,,
Charlotte Mason College,"University of Cumbria Ambleside Sports Centre, Rydal Road, Ambleside, Cumbria, LA22 9BB, England",015394 30210,,ambleside.sportscentre@cumbria.ac.uk
South Cheshire College of Further Education,"Danebank Ave, Crewe, Cheshire, CW2 8AB, England",01270 654 654,s-cheshire.ac.uk,graham.chafer@scc.ac.uk
Meadowside Leisure Centre,"High Street, Burton-upon-Trent, Staffordshire, DE14 1TL, England",01283 372 960,everyoneactive.com,
Archbishop Beck School,"Cedar Rd, Aintree, Liverpool, Merseyside, L9 9AF, England",0151 525 6326,,
Netherton Activity Centre,"Glovers Lane, Netherton, Bootle, Merseyside, L30 3TL, England",0151 525 5106,,
Newton Rigg Climbing Wall,"University of Cumbria, Newton Rigg Climbing Wall, Penrith, Cumbria, CA11 0AH, England",01768 893475,bit.ly,
Green Bank Leisure Centre,"Civic Way, Swadlincote, Derbyshire, DE11 0AD, England",01283 216269,everyoneactive.com,greenbankinfo@everyoneactive.com
The Climbing Hangar Liverpool South,"Units 14 & 15, The Matchworks, 40 Speke Road, Liverpool, Merseyside, L19 2RF, England",0151 427 0028,,matchworks@theclimbinghangar.com
Rydal Youth Centre,"380-4 Stanley Rd, Kirkdale, Liverpool, Merseyside, L20 2AG, England",0151 922 4220,,
"Sports Centre, Liverpool University","Mount Pleasant, Liverpool, Merseyside, L69 7ZX, England",0151 794 3307,liverpool.ac.uk,
The Climbing Hangar Liverpool North,"6 Birchall St, Liverpool, Merseyside, L20 8PD, England",0151 345 0587,theclimbinghangar.com,liverpool@theclimbinghangar.com
YMCA,"56-60 Mount Pleasant, Newcastle, Tyne & Wear, L3 5SH, England",0151 709 9516,,
YMCA,"6 Mount Pleasant, Liverpool, Merseyside, L3 5xx, England",0151 709 9516,,
Awesome Walls Climbing Centre,"St Albans Church, Athol St, off Gt Howard St, Liverpool, Merseyside, L5 9XT, England",0151 298 2422,awesomewalls.co.uk,info@awesomewalls.co.uk
Wade Smith Wall,"Blacks (shop), Matthew St, Liverpool, Merseyside, L1 6DS, England",0151 224 7600,,
Park Leisure Centre,"Greengate St, Barrow-in-Furness, Cumbria, LA13 9DT, England",01229 871 146,,
Climbing High Mobile Climbing Wall,"92 Park avenue, Barrow in Furness, Cumbria, LA13 9BJ, England",01229 826444,climbing-high.co.uk,climbing_high@dsl.pipex.com
Bee Hotel Crag,"Bradgate Park, Newtown Linford, Leicestershire, England",,,
Boulder Hut,"Unit 1 Olympic Park Poole Hall Road, Ellesmere Port, Cheshire, CH66 1ST, England",1513056868,boulderhut.com,info@boulderhut.com
Epic Leisure Centre (was Ellesmere Port Indoor Cen,"Centre Closed, Centre Closed, Cheshire, CH65 9HH, England",Centre Closed,,
The Tower Climbing Centre - Leicester Leys Leisure,"Beaumont Way, Beaumont Leys, Leicester, Leicestershire, LE4 1DS, England",0116 233 3074,leicester.gov.uk,thetowerclimbingcentre@leicester.gov.uk
Graham Balfour High School,"North Avenue off Stone Road, Stafford, Staffordshire, ST16 1NR, England",01785 222 531,,pfstafford@pellfrischmann.com
"Abbey Park Campus, Leicester College","Painters St, Leicester, Leicestershire, LE1 3WA, England",0116 224 4100,,
Northgate Arena Leisure Center,"Victoria Rd, Chester, Cheshire, CH2 2AU, England",01244 380444,,
Social Climbing,"24-28 East-Bond street, Leicester, Leicestershire, LE1 4SX, England",0116 251 3742,social-climbing.com,team@social-climbing.com
Moat Community College,"Maidstone Rd, Leicester, Leicestershire, LE2 0TU, England",0116 262 5705,,
Queen Elizabeth II Diamond Jubilee Leisure Centre,"50 Duns Lane, Leicester, Leicestershire, LE3 5LX, England",0116 250 6400,dmu.ac.uk,
Blacon Indoor Climbing Wall,"Blacon High School, Specialist Sports College, Melbourne Road, Blacon, , Chester, Cheshire, CH1 5JH, Chester, Cheshire, CH1 5JH, England",01244 371475,,jingram@blaconhigh.cheshire.sch.uk
Keswick Climbing Wall,"Goosewell Farm, Keswick, Cumbria, CA12 4RN, England",017687 72000,keswickclimbingwall.co.uk,info@keswickclimbingwall.co.uk
Ape Index,"Unit 55, Faircharm Trading Estate, Evelyn Drive, Leicester, Leicestershire, LE3 2BU, England",07572 152292,apeindex.rocks,nigel@ivencia.com
Leicester University Sports Hall,"Field House, Manor Rd, Oadby, Leicester, Leicestershire, LE2 2LL, England",0116 271 9144,,
Tallington Lakes Climbing Centre,"Tallington Lakes, Tallington, Lincolnshire, PE9 4RJ, England",1778381154,tallington.com,sales@tallington.com
Kong Adventure,"Heads Road, Keswick, Cumbria, CA12 5EZ, England",4.41769E+11,kongadventure.com,info@kongadventure.com
Keswick School,"Vicarage Hill, Keswick, Cumbria, CA12 5QB, England",01768 774 929,,
The Boardroom Climbing,"Rectors Lane, Pentre,, Queensferry, Flintshire, CH5 2DH, Wales",01244 537476,theboardroomclimbing.com,hello@theboardroomclimbing.com
Eden Rock climbing center,"9 Brunel Way, Durranhill Industrial Estate., Carlisle, Cumbria, CA1 3NQ, England",(01228) 522127,edenrockclimbing.com,info@edenrockclimbing.com
Caldew School,"Dalston, Carlisle, Cumbria, CA5 7NN, England",01228 710 044,,
St. Aidans County High School,"Lismore PLace,, Carlisle, Cumbria, CA1 1LY, England",01228 607 587 /,st-aidans-sports.co.uk,s-snenic@st-aidans.cumbria.sch.uk
The Sands Centre,"The Sands, Carlisle, Cumbria, CA1 1JQ, England",01228 625 222,better.org.uk,
Shropshire Climbing Centre,"The Maltings, Springfield Industrial Estate, Newport, Shropshire, TF10 7EZ, England",01952 814566,newportrock.com,info@newportrock.com
Walton Secondary School,"Mountsteven Avenue, Peterborough, Cambridgeshire, PE4 6HX, England",01733 383888,,
Hartshill High School,"Church Rd, Hartshill, Nuneaton, Warwickshire, CV10 0NA, England",0247 639 2237,,
Alnwick Bouldering at Willowburn Leisure Centre,"Willowburn Avenue, Alnwick, Northumberland, NE66 2JH, England",01670 620200,activenorthumberland.org.uk,enquiries@activenorthumberland.org.uk
Plas Power adventure,"Wrexham climbing centre , Plas Power Adventure, Old Plas Power Colliery , , Plas Power Road, , Southsea, Wrexham, Clwyd, LL115SZ, Wales",01978 754747,plaspoweradventure.com,plaspoweradventure@hotmail.co.uk
Fenrock,"Fenrock, Cattle Market Chase, Wisbech, PE13 1RD, Wisbech, Norfolk, PE13 1RD, England",01945 46 66 64,fenrock.com,support@fenrock.com
Cockermouth Sports Centre,"Castle Gate Drive, Cockermouth, Cumbria, CA13 9JR, England",01900 823 596,,
The Park High School,"Queen Mary Rd, Kings Lynn, Norfolk, PE30 4QG, England",01553 774 671,,
Wolf Mountain (Wolverhampton),"Wolf Mountain, Paget Road, Wolverhampton, WV6 0DU, Wolverhampton, West Midlands, WV6 0DU, England",01902 711186,wolfmountain.co.uk,info@wolfmountain.co.uk
Prestatyn Sports Centre (was High School),"2 Princes Ave, Prestatyn, Denbighshire, LL19 8RS, Wales",01745 855 632,,vitusman2001@yahoo.co.uk
"The Chalk Face, Wyndham Sports Centre","Wyndham School, Main St, Egremont, Cumbria, CA22 2DQ, England",01946 821 038,,
Boulder Central,"Boulder Central, Richmond Street South, West Bromwich, West Midlands, B70 0DG, England",0121 448 3736,bouldercentral.co.uk,info@bouldercentral.co.uk
Redpoint Climbing Centre,"77 Cecil Street, Birmingham, West Midlands, B19 3ST, England",0121 359 1777,redpointbirmingham.co.uk,info@redpointbirmingham.co.uk
Birmingham Bouldering Centre,"Arch 30/31 Water Street, Birmingham, Warwickshire, B3 1HL, England",0121 236 0533,birminghamboulderingcentre.com,info@birminghamboulderingcentre.com
Climbing The Walls,"The Market Place, Battlefield Rd, Shrewsbury, Shropshire, SY1 4AN, England",01743 295997,climbingthewalls.club,shrewsbury@climbinghut.com
Depot Climbing Birmingham,"10 Sherlock Street,
Digbeth,, Birmingham, West Midlands, B5 6LU, England",0121 622 5143,depotclimbing.co.uk,mattballard@theclimbingdepot.com
Rock Up Birmingham,"Broadway Plaza, 220 Ladywood Middleway, Birmingham, West Midlands, B16 8LP, England",0121 271 0322,rock-up.co.uk,
The Ackers Activity Centre,"Golden Hillock Rd, Small Heath, Birmingham, West Midlands, B11 2PY, England",0121 772 5111,ackers-adventure.co.uk,info@ackers-adventure.co.uk
Shrewsbury,"Shrewsbury Sports Village, Sundourne Road, Shrewsbury, Shropshire, SY1 4RG, England",01743 281550,,
The Ballroom Climbing Wall,"The Ballroom Climbing Wall,, Ironmonger Row, Coventry, Warwickshire, CV1 1LZ, England",,ballroomclimbing.co.uk,priorwalls@gmail.com
Creation Indoor Climbing Centre,"582 Moseley Road, Birmingham, West Midlands, B12 9AA, England",0121 449 8000,creationwall.co.uk,creationwall@gmail.com
Tile Hill Wood School,"Nutbrook Avenue, Tile Hill, Coventry, West Midlands, CV4 9PW, England",024 76426 200,,
K1 climbing wall,"Southfield School for Girls, Specialist sports college, Lewis Road, Kettering, Northamptonshire, NN15 6HE, England",01536 513063,,
Flash Climbing Centre,"Unit 2 Vulkan Road, Solihull, West Midlands, B91 2JY, England",1217095257,flashclimbingcentre.com,info@flashclimbingcentre.com
Llangollen Climbing Wall,"The Weavers Shed, Parade Street, Llangollen, Denbighshire, LL20 8PW, Wales",01978 861912,proadventure.org,sales@proadventure.co.uk
Munrow Sports Centre,"University of Birmingham, Edgbaston Park Rd, Selly Oak, Birmingham, West Midlands, B15 2TX, England",0121 414 4117,,
The Queen's Diamond Jubilee Centre,"Bruce Williams Way, Rugby, Warwickshire, CV22 5LJ, England",01788 565369,high-sports.co.uk,
Bear Rock Indoor Climbing Centre,"University of Warwick Sports Hall (on central campus), Gibbet Hill Rd, Coventry, Warwickshire, CV4 7AL, England",024 7652 3011,warwick.ac.uk,fitness@warwick.ac.uk
Boulder World Belfast,"Unit 1 Apollo Space Centre, Apollo Road, Belfast, Avon, BT12 6BF, England",,boulderworldbelfast.com,
Cedars Upper School Climbing Wall,"Cedars Upper School, Mentmore Road,, Leighton Buzzard, Bedfordshire, LU7 2AE, England",01525 219300,cedarsupper.org.uk,jmaye@cedarsupper.org.uk
Oswestry Climbing Centre,"Oswestry Climbing Centre, Unit 11, Maesbury Road Industrial Estate, Oswestry, Shropshire, SY10 8HA, England",01691 652 489,oswestryclimbingcentre.co.uk,info@oswestryclimbing.com
Solihull Sixth Form College,"Widney Manor Rd, Solihull, West Midlands, B91 3WR, England",0121 704 2581,,
Newman College of Education,"Genners Lane, Bartley Green, Birmingham, West Midlands, B32 3JL, England",0121 476 1181,,
Crystal Leisure Centre,"Bell St, Stourbridge, West Midlands, DY8 1AE, England",01384 812 910,,
YMCA,"200 Bunbury Rd, Northfield, Birmingham, West Midlands, B31 2DL, England",0121 475 6218,,
Old Swinford Hospital School,"Hagley Rd, Stourbridge, West Midlands, DY8 1QU, England",01384 370 025,,
Kenilworth School,"Leyes Lane, Kenilworth, Warwickshire, CV8 2DA, England",01926 859 421,,
Waseley Hill High School,"School Rd, Rubery, Rednal, Birmingham, West Midlands, B45 9EL, England",0121 453 5211,,
Benham,"Benham sports arena, Kings Park Rd, Moulton Park Ind Est, Northampton, Northamptonshire, NN3 6LL, England",01604 494100,actioncentres.co.uk,benham@actioncentres.co.uk
benham rock,"Kings Park Road, Moulton Park, Northampton, Northamptonshire, NN3 6LL, England",01604 494100,,benham@actioncentres.co.uk
St Nicholas Park Leisure Centre,"Banbury Rd, Warwick, Warwickshire, CV34 4QY, England",01926 495353,everyoneactive.com,
Mepal Outdoor Activity Centre,"Chatteris Rd, Mepal, Ely, Cambridgeshire, CB6 2AZ, England",01354 692 251,,
"North Side Gym, North East Worcestershire College","School Drive, Blackwood Rd, Bromsgrove, Herefordshire, B60 1PQ, England",01527 572 949,,
Shenstone New College,"Burcot Lane, Bromsgrove, Herefordshire, B60 1AA, England",01527 570 020,,
The Weedon Project,"Unit 5D, The Royal Ordnance Depot, Weedon, Northamptonshire, NN7 4PS, England",01327 439131,theweedonproject.co.uk,accounts@theweedonproject.co.uk
Redditch Youth Centre,"Ipsley St, Redditch, Herefordshire, B98 7AR, England",01527 63821,,
The Pinnacle Climbing & Caving Centre,"Unit 1, Minton Business Centre, Main Road, Far Cotton, Northampton, Northamptonshire, NN4 8ES, England",01604 875996,thepinnaclecentre.co.uk,climbing@thepinnaclecentre.co.uk
Wyre Forest Climbing wall,"Wyre Forest Leisure Centre, Silverwoods Way, Kidderminster, Worcestershire, DY11 7DT, England",1562515151,placesleisure.org,enquirieswyreforest@pfpleisure.org
Danes Camp Leisure Centre,"Clannell Rd, Northampton, Northamptonshire, NN4 0RX, England",01604 705 469,,
Sharnbrook Upper School Climbing Wall,"Sharnbrook Upper School, Odell Road, Sharnbrook, Bedfordshire, MK44 1JL, England",01234 782211,sharnbrook.beds.sch.uk,pcollier@sharnbrook.beds.sch.uk
Dyffryn Conwy Leisure Centre,"Nebo Rd, Llanrwst, Gwynedd, LL26 0SD, Wales",01492 642 028,,
Ernulf Community School Recreation Centre,"Barford Rd, St Neots, nr Huntingdon, Cambridgeshire, PE19 2SH, England",01480 374 748,,
Clifton Reynes Disused Railway Bridge,"Clifton Reynes, Olney, Milton Keynes, Bedfordshire, MK46 5DS, England",,mkmountaineering.org,n.m.pigott@open.ac.uk
Sponne School,"Brackley Rd, Towcester, Northamptonshire, NN12 6DJ, England",01327 350 284,,
Bromham Road Bridge,"Bromham Bridge, Bromham, Bedford, Bedfordshire, Bedford, Bedfordshire, MK43 8SP, England",,,
Alexandra Sports Centre,"Sidney Rd, Bedford, Bedfordshire, MK40 2BQ, England",01234 345 208,,
Kempston Outdoor Centre,"Kempston Outdoor Centre, (Bedfordshire Outdoor Adventure), Hillgrounds Road, Kempston, Bedford, Bedfordshire, MK42 8QP, England",01234 843204,kempstonoutdoorcentre.co.uk,koc-sales@fusion-lifestyle.com
Sport Martley,"Martley Road, Martley, Worcester, Herefordshire, WR6 6QA, England",01886 888 999,freedom-leisure.co.uk,
Plas y Brenin,"National Mountain Centre, Capel Curig, Gwynedd, LL24 0ET, Wales",01690 720 214,,
Vertical Limit,"Unit 11, Shrub Hill, Worcester, Worcester, West Midlands, WR4 9EL, England",01905 613 044,vlimit.co.uk,
Redpoint climbing centre Worcester,"The Railway Yard, Midland Road, Worcester, Worcestershire, WR51DS, England",01905 350346,redpointworcester.co.uk,info@redpointworcester.co.uk
Kelsey Kerridge Sports Centre,"Queen Anne Terrace, Gonville Place, Cambridge, Cambridgeshire, CB1 1NA, England",01223 462 226,kelseykerridge.co.uk,info@kelseykerridge.co.uk
The Morley Wall,"Golf Links Road, Morley, Wymondham, Norfolk, NR18 9SU, England",01953 433699,morleyvillageandsportshall.co.uk,morleyvillageandsportshall@gmail.com
Highball Climbing Centre,"1 Twickenham Road, Union Park, Norwich, Norfolk, NR6 6NG, England",01603 513513,highballnorwich.co.uk,hello@highballnorwich.co.uk
Rainbow Rocket,"49 Clifton Rd,, Cambridge, Cambridgeshire, CB1 7ED, England",01223 778810,rainbowrocket.cc,team@rainbowrocket.cc
University of East Anglia Sports Park (UEA Wall),"Earlham Rd, Norwich, Norfolk, NR4 7TJ, England",01603 592 398,sportspark.co.uk,a.linsmith@uea.ac.uk
Xscape Centre,"Avebury Boulevard, 602 Marlborough Gate, Central Milton Keynes, Milton Keynes, Buckinghamshire, MK9 3DD, England",01908 200 388,vertical-chill.com,vertical-chill@ellis-brigham.com
Big Rock Hub,"Mandeville Drive, Kingston, Milton Keynes, Buckinghamshire, MK10 0AG, England",01908 583128,bigrockclimbing.com,info@bigrockclimbing.com
West Stow Boulder,"West Stow Country Park, Bury St Edmunds, Suffolk, IP28 6HG, England",,stedmundsbury.gov.uk,
OPEN Norwich Climbing Wall,"20 Bank Plain, Norwich, Norfolk, NR2 4SF, England",01603 763111,opennorwich.org.uk,activities@opennorwich.org.uk
Evesham Leisure Centre,"Abbey Road, Evesham, Worcestershire, WR11 4SU, England",01386 444212,wychavonleisure.co.uk,info@wychavonleisure.co.uk
Dewey Sports Centre,"Bloxham School, Banbury Rd, Banbury, Oxfordshire, OX15 4PE, England",01295 720 072,,
Charterhouse Club,"4 xfdhx ft jdfy, 44, Surrey, 44, England",,,
UWB Sports Centre (aka Maes Glas Sports Centre),"University of Wales, Ffriddoedd Rd, Bangor, Gwynedd, LL57 2JR, Wales",01248 382 571,,
Foyle Arena,"Foyle Arena , 2 Limavady Rd,  Londonderry, Derry, Co. Londonderry, BT47 6JY, Northern Ireland",2871367555,foylearena.com,
Big Rock Bond,"Unit 4 Bond Industrial Estate, Bond Avenue., Milton Keynes, Buckinghamshire, MK1 1JJ, England",01908 583 128,bigrockclimbing.com,info@bigrockclimbing.com
Barcaple Climbing Wall,"Barcaple House 
By Ringford, Castle Douglas, Dumfries and Galloway, DG7 2AP, Scotland",1557820261,Abernethy.org.uk,Barcaple@abernethy.org.uk
RAF Honington Climbing Wall,"RAF Honington, Bury St Edmunds, Suffolk, IP311EE, England",07807 721004,facebook.com,Peter.Chapman103@mod.gov.uk
On Targett Events Mobile Climbing Walls,"20 Ballmoor
Buckingham Industrial Estate, Buckingham, Buckinghamshire, MK18 1RT, England",01280 817575,ontargettevents.co.uk,info@ontargettevents.co.uk
Indy Climbing Wall,"Plas Llanfair,, Llanfair PG, Anglesey, LL61 6NT, Wales",01248 716 058,,indyclimbingwall@hotmail.com
Malvern (Boys) College Sports Hall,"College Rd, Malvern, Herefordshire, WR14 3DF, England",01684 892 333,,
North Cotswold Sports Club,"Fire Service Technical College, Moreton-in-Marsh, Gloucestershire, GL56 0RH, England",01608 650 000,,
Plas y Menai National Watersports Centre,"Plas Menai, Caernarfon, Gwynedd, LL55 1UE, Wales",01248 670 964,,
Fearnhill School Sports Centre,"Icknield Way, Letchworth, Hertfordshire, SG6 4AL, England",01462 676 017,,
Plas Arthur Sports Centre,"Llangefni, Anglesey, Gwynedd, LL77 7QX, Wales",01248 722 966,,
Climb Hitchin,"Priory School Sports Centre, The Priory School, Bedford Rd",7739005297,climbhitchin.rocks,bookings@climbhitchin.rocks
Beacon Climbing Centre,"Cibyn Estate, Caernarfon, Gwynedd, LL55 2BD, Wales",01286 677 322,beaconclimbing.com,info@beaconclimbing.com
St Christophers School,"Barrington Rd, Letchworth, Hertfordshire, SG6 3JZ, England",01462 679 301,,
Tewkesbury Sports Centre,"Ashchurch Rd, Newton, Tewkesbury, Gloucestershire, GL20 8DP, England",01684 293 953,,
Higher4Fun,"Stanningfield Road, Gt Welnetham, Bury St Edmunds, Suffolk, IP30 0UB, England",07928 396622,higher4fun.co.uk,pete@higher4fun.co.uk
Luton Regional Sports Centre,"St. Thomas's Rd, Luton, Bedfordshire, LU2 7XP, England",01582 411422,bedroc.co.uk,bedroc@hotmail.co.uk
Halyard Youth Club,"Emerald Rd, Luton, Bedfordshire, LU4 0NR, England",01582 607 688,,
Bishops Cleeve Sports Centre,"Two Hedges Rd, Bishops Cleeve, Gloucestershire, GL52 4AD, England",01242 673 581,,
Harlech Climbing Wall,"Ffordd y Traeth, Harlech, Gwynedd, LL46 2UG, Wales",01766 780576,harlechleisure.co.uk,harlechleisure@btconnect.com
Stevenage Leisure Centre,"Lytton Way, Stevenage, Hertfordshire, SG1 1LZ, England",01438 766 877,,
Boulder Barn,"Boulder Barn, Unit 1A Holmer Trading Estate, College Road, Hereford, Herefordshire, HR1 1JS, England",1432359392,,angie@tasteforadventure.co.uk
Broadland Sports Hall,"Folly Lane, Hereford, Herefordshire, HR1 1LU, England",01432 355 166,,
Boulders - indoor bouldering Cheltenham,"Unit 4, Centrum Park, Kingsditch Lane, Cheltenham, Gloucestershire, gl519fd, England",,bouldersuk.com,cheltenham@bouldersuk.com
Bro Ddyfi Leisure Centre,"Plas Machynlleth, Machynlleth, Powys, SY20 8ER, Wales",01654 703 300,,
Green Spider Climbing Ltd,"Ramsden Road, Rotherwas Industrial Estate, Hereford, Herefordshire, HR2 6LR, England",01432 277 716,greenspiderclimbing.com,climb@greenspiderclimbing.com
"The Cragg, Mid Suffolk Leisure Centre","Gainsborough Road, Stowmarket, Suffolk, IP14 1LH, England",01449 674 980,facebook.com,thecragg@everyoneactive.com
Pavilion Leisure Centre,"The Promenade, Barmouth, Gwynedd, LL42 1NF, Wales",01341 280 111,,
Far Peak Climbing,"Far Peak Climbing Centre, 1 The Hayloft , Far Peak,, Northleach, Gloucestershire, GL54 3AP, England",01285 721090,farpeakclimbing.co.uk,info@farpeak.co.uk
Brookes Climb Oxford,"Oxford Brookes University, Cheney Lane, Headington, Oxford, Oxfordshire, OX3 0BD, England",01865 484370 /3,brookes.ac.uk,climb@brookes.ac.uk
The Warehouse,"Parliament St, Gloucester, Gloucestershire, GL1 1HY, England",01452 302 351,the-warehouse.co.uk,info@the-warehouse.co.uk
Mobile Wall,"c/o The Warehouse, Parliament Street, Gloucester, Gloucestershire, GL1 1HY, England",0845 3753285,mobilewall.co.uk,mobile@the-warehouse.co.uk
Oxford University Sports Centre,"Iffley Rd, Oxford, Oxfordshire, OX4 1EQ, England",01865 240 476,users.ox.ac.uk,
Great Cornard Sports Centre,"Head Lane, Cornard, Sudbury, Suffolk, CO10 0JU, England",01787 374 861,,
The Denes High School,"Yarmouth Rd, Lowestoft, Suffolk, NR32 4AH, England",01502 574 474,,
The East Face indoor climbing wall,"Waterlane Leisure Centre, Water Lane, Lowestoft, Suffolk, NR32 2NH, England",01502 532540,everyoneactive.com,
East Face Climbing wall,"Water Lane Leisure Centre,, Water Lane,, Lowestoft, Avon, NR322NH, England",01502 532540,waterlanelc.co.uk,info@sentinellt.co.uk
The XC,"Jarman Park, Hemel Hempstead, Herts HP2 4JS, Hemel Hempstead, Hertfordshire, HP2 4JS, England",01442 507100,thexc.co.uk,enquiries@thexc.co.uk
"Climbing Wall, Tranent","Foresters Park Pavilion, Lindores Drive, St Martins, Tranent, East Lothian, EH33 1HY, Scotland",01875 824140,enjoyleisure.com,
Hertfordshire Sports Village,"Hertfordshire Sports Village
De Havilland Campus, Hatfield, Hertfordshire, AL10 9EU, England",01707 284466,hertssportsvillage.co.uk,info@hertssportsvillage.co.uk
Westminster Lodge Climbing Wall,"Westminster Lodge Leisure Centre, Holywell Hill, St Albans, Hertfordshire, AL1 2DL, England",01727 736 080,,stevenhart@everyoneactive.com
Phasels Wood Scout Camp,"Rucklers Lane, Kings Langley,, Hertfordshire, WD4 9NA, England",01442 252 851,phaselswood.org.uk,info@phaselswood.org.uk
Dwyfor Pwllheli Leisure Centre,"Canolfan Dwyfor, Pwllheli, Gwynedd, LL53 5PF, Wales",01758 613 437,,
"The Lock Climbing Wall (Essex Outdoors, Harlow)","The Lock Climbing Wall , Burnt Mill Lane,, Harlow, Essex, CM20 2QS, England",01279 620270,thelockclimbing.co.uk,thelock@essexoutdoors.com
Chilterns Lifestyle Centre,"Chiltern Avenue, Amersham, Buckinghamshire, HP6 5AH, England",1494788900,everyoneactive.com,
Forest Climbing Ltd,"Unit 16, Forest Vale Road, Cinderford, Gloucestershire, GL14 2PH, England",01594 824981,forestclimbing.co.uk,forestclimbing@gmail.com
Meadowbank Sports Centre,"139 London Rd, Edinburgh, Midlothian, EH7 6AE, Scotland",0131 661 5351,,
Centre for Sport and Exercise,"Centre for Sport and Exercise, University of Edinburgh, 46 Pleasance, Edinburgh, Midlothian, EH8 9TJ, Scotland",0131 650 2464,ed.ac.uk,climbing.wall@ed.ac.uk
Heriot Watt Sports Centre,"Heriot Watt University, Riccarton Campus, Riccarton, Edinburgh, Midlothian, EH14 4AS, Scotland",0131 451 3000,,
Alien Bloc,"Alien Bloc, 23 Dunedin Street, Edinburgh, Midlothian, EH7 4JG, Scotland",0131 558 9955,alienrock.co.uk,aliens@alienrock.co.uk
Watford Leisure Centre - Central,"Peace Prospect , Watford , Hertfordshire, Watford., Hertfordshire, WD17 3HA, England",01923 296750,everyoneactive.co.uk,
The Leading Edge,"Foxhall Road, Ipswich, Suffolk, IP4 5HD, England",01473 274178,,
Copleston School Wall,"Copleston School,, Copleston Road, Ipswich, Suffolk, IP4 5HD, England",,copleston.suffolk.sch.uk,
Alien Rock,"Old St Andrews Church, 8 Pier Place, Newhaven, Edinburgh, Midlothian, EH6 4LP, Scotland",0131 552 7211,alienrock.co.uk,aliens@alienrock.co.uk
Wycombe Climbing Wall,"Wycombe Leisure Centre, Handy Cross, High Wycombe, Buckinghamshire, HP11 1UP, England",,placesleisure.org,
Wycombe Climbing Wall,"Wycombe Leisure Centre, Handy Cross, High Wycombe, Buckinghamshire, HP11 1UP, England",01494 688100,placesleisure.org,
Edinburgh International Climbing Arena (Ratho),"South Platt Hill, Ratho, Newbridge, Edinburgh, West Lothian, Scotland",0131 333 6333,eica-ratho.co.uk,info@edinburghleisure.co.uk
Box Rox,"Aberystwyth University Sports Centre, Aberystwyth, Ceredigion, SY23 3AR, Wales",01970 622 275,aber.ac.uk,sports@aber.ac.uk
Merchant Taylors School,"Sandy Lodge, Northwood, Hertfordshire, HA6 2HT, England",01923 820 644,,
Great Wall of Cricklade,"Cricklade Leisure Centre , Stones Lane , Cricklade, swindon, Wiltshire, SN6 6JW, England",01793 750011,crickladeleisure.co.uk,anton@crickladeleisure.co.uk
Leiston Sports Centre,"Red House Lane, Leiston, Suffolk, IP16 4LS, England",01728 830364,,
Dumfries House Outdoor Centre,"Tamar Manoukian Outdoor Centre, Dumfries House, Cumnock, Ayrshire, KA18 2NJ, Scotland",01290 428905,dumfries-house.org.uk,outdoorcentre@dumfries-house.org.uk
Bourne End Junior Sports Club,"New Road, Bourne End, Buckinghamshire, SL8 5BW, England",01628 528 110,bejsc.co.uk,office@bejsc.co.uk
Colchester Climbing Project,"Unit B/C, Global Park, 12 Moorside, Colchester, Essex, CO1 2TJ, England",1206791194,climbingproject.co.uk,
Bramston Sports Centre,"Bridge St, Witham, Essex, CM8 1BT, England",01376 519 200,,
Writtle Collage,"Lordship Rd, Writtle, Essex, CM1 3RR, England",01245 424200,writtle.ac.uk,
The Big Red Climbing Wall,"Leisure World Tiptree, Maypole Road, Tiptree., Colchester, Essex, CO5 0EW, England",1206282000,colchesterleisureworld.co.uk,chris.curtis@colchester.gov.uk
University of Essex Sports Centre,"Wivenhoe Park, Colchester, Essex, CO4 3SQ, England",01206 873 250,,
Llangorse Multi Activity Centre,"Llangorse Multi Activity Centre, The Gilfach, Llangorse, Brecon, Powys, LD3 7UH, Wales",0333 600 20 20,climbinguk.com,action@activityuk.com
THE ARCH NORTH,"Cohen Court, Burnt Oak Broadway, Burnt Oak, Greater London, HA8 5LD, England",,archclimbingwall.com,north@archclimbingwall.com
Harrow Leisure Centre,"Harrow Leisure Centre, Christchurch Av, Harrow, HA3 5BD, Harrow, Middlesex, HA3 5BD, England",01256 886 543,amphibia-group.co.uk,
Rockstar Climbing,"Unit 3, IO Centre, Hobley Drive, Stratton St Margaret, Swindon, Wilts, Swindon, Wiltshire, SN3 4NS, England",01793 824177,rockstarclimbing.co.uk,hello@rockstarclimbing.co.uk
Flashpoint Swindon,"Techno Trading Estate, Unit 30b, Bramble Rd, Swindon, Wiltshire, SN2 8HB, England",01793 251555,flashpointswindon.com,website@flashpointswindon.com
HarroWall,"Unit 2a & 3a, Neptune Trading Estate, Neptune Rd, London, Greater London, HA1 4HX, England",020 3026 4960,harrowall.co.uk,info@harrowall.co.uk
Fairplay Outdoor Education Centre,"Fairplay House, Station Rd, Wickham Bishops, Witham, Essex, CM8 3JL, England",01621 891213,,
Harrow School,"Football Lane, Harrow, Middlesex, HA1 3HP, England",020 8864 9191,,
Hall Place OEC,"Hall Place OEC, Hall Place, Burchetts Green,, Maidenhead, Berkshire, SL6 6QR, England",01628 827552,hallplaceoec.co.uk,bpetty@bca.ac.uk
Brecon Leisure Centre,"Penlan, Brecon, Powys, LD3 9SR, Wales",01874 623 677,,
Stronghold UK Climbing Centre,"18 Ashley Road, Tottenham Hale, London, Greater London, N17 9LJ, England",020 8350 2453,thestrongholduk.com,info@thestrongholduk.com
RBWM Leisure Services,"High Town Rd, Maidenhead, Berkshire, SL6 1PB, England",,,
Yonder,"5 Hooker's Road, London, Greater London, E17 6DP, England",,thisisyonder.com,info@thisisyonder.com
Brunel University Sports Centre,"Brunel University, Kingston Lane, Uxbridge, Middlesex, UB8 3PH, England",01256 886 543,brunel.ac.uk,sports.centre@brunel.ac.uk
Hendon Youth Sports Centre,"Marble Drive, London, Greater London, NW2 1XQ, England",020 8455 0818,hysc.co.uk,comment@hysc.co.uk
Wotton-under-Edge Leisure Centre,"Kingswood, Wotton-under-Edge, Gloucestershire, GL12 8RB, England",01453 842 626,,
The Castle Climbing Centre,"Green Lanes, Stoke Newington, London, Greater London, N4 2HA, England",020 8211 7000,castle-climbing.co.uk,info@castle-climbing.co.uk
Michael Sobell Sports Centre,"Hornsey Rd, Finsbury Park, Islington, London, Greater London, N7 7NY, England",020 7609 2166,aquaterra.org,
Low Port Outdoor Centre,"1 Blackness Rd, Linlithgow, West Lothian, EH49 7HZ, Scotland",01506 77 53 90,lowportcentre.co.uk,lowport.centre@westlothian.gov.uk
Swiss Cottage Sports Centre,"Adelaide Road, Camden, Greater London, NW3 3NF, England",0845 363 1144,,
Hang On: Climbing Centre,"Unit 10, New Cross Centre, Hamilton, South Lanarkshire, ML3 6AH, Scotland",1698281615,hangonclimbing.com,info@hangonclimbing.com
Pangbourne College,"Bere Court Rd, Pangbourne, nr Reading, Berkshire, RG8 8LA, England",0118 984 4988,,
The Nest Climbing,"The Nest Climbing,
Material Walk, Old Vinyl Factory
Blyth Road, Hayes, Greater London, UB3 1DP, England",,thenestclimbing.co.uk,enquiries@thenestclimbing.co.uk
Jubilee Waterside Centre,"Elm Village, 105 Camley St, London, Greater London, NW1 0PF, England",020 7387 2367,jubilee-centre.org.uk,info@jubilee-centre.org.uk
The Climbing Hangar Reading,"Unit 8 Stadium Way, Reading, Berkshire, RG30 6BX, England",0118 907 4251,theclimbinghangar.com,reading@theclimbinghangar.com
Westway Sport & Fitness Centre,"1 Crowthorne Road, London, Greater London, W10 6RP, England",020 8969 0992,everyoneactive.com,westwayclimbing@everyoneactive.com
Britannia Leisure Centre,"40 Hyde Rd, Hackney, London, Greater London, N1 5JU, England",020 7729 4485/ 0,,
West 1 Climbing Wall,"Seymour Leisure Centre, Seymour Place, London, Greater London, W1H 5TJ, England",0333 005 0416,everyoneactive.com,seymourclimbing@everyoneactive.com
City University Sadler Sports Centre,"122-130 Goswell Rd, London, Greater London, EC1V 7EJ, England",020 7040 5656,,
Carnegie Sports Centre,"Pilmuir St, Dunfermline, Fife, KY12 0QE, Scotland",01383 314 200,,
BethWall Green Climbing Centre,"Arches 243-247
Hollybush Place
London, London, Greater London, E2 9QX, England",2030264912,londonclimbingcentres.co.uk,bethwall@londonclimbingcentres.co.uk
Mile End Climbing Wall,"Haverfield Rd (off Grove Rd), Bow, London, Greater London, E3 5BH, England",020 8980 0289,mileendwall.org.uk,enquiries@mileendwall.org.uk
Wyedean Sports Hall,"Beachley Rd, Sedbury, Chepstow, Gloucestershire, NP16 7AA, England",01291 625 347,,
YMCA Thames Gateway,"29 Rush Green Road, Romford, Essex, RM7 0PH, England",01708 766211,,
Third Space Soho,"Third Space Soho, 67 Brewer Street, London, Greater London, W1F 9US, England",020 7439 6333,thethirdspace.com,tasya.howarth@thethirdspace.com
The Saab IceWall,"Ellis Brigham, Tower House, 3-11 Southampton St, Covent Garden, London, Greater London, WC2E 7HA, England",0207 395 1010,vertical-chill.com,london@vertical-chill.com
Vertical Chill Indoor Ice Wall,"3-11 Southampton Street, Covent Garden, Greater London, WC2E 7HA, England",0207 395 1010,vertical-chill.com,vertical.chilllondon@ellis-brigham.com
Queen Mary College,"327 Mile End Road, London, Greater London, E1 4NS, England",020 7975 5555,,
Ravenswall Climbing Centre,"Arch 105
Ravenscourt Road
London, London, Greater London, W6 0UQ, England",020 3026 4956,londonclimbingcentres.co.uk,ravenswall@londonclimbingcentres.co.uk
Reading Climbing Centre,"Unit 33 Robert Court Industrial Estate, Britten Rd, Reading, Berkshire, RG20AU, England",01189 756 298,readingclimbingcentre.com,info@readingclimbingcentre.com
Cragfit,"Unit 3, Rassau Industrial Estate, Ebbw Vale, Gwent, NP23 5SD, Wales",1495305343,cragfit.co.uk,enquiries@cragfit.co.uk
Imperial College,"Ethos, 7 Princes Gardens, South Kensington, London, Greater London, SW7 2AZ, England",020 7594 6660,imperial.ac.uk,ethos@imperial.ac.uk
Ensign Youth Club,"The Highway, Wellclose Sq, London, Greater London, E1 8HY, England",020 7702 3340,,
CanaryWall Climbing Centre,"CanaryWall Climbing Centre
21-23 Trinidad Street, London, Greater London, E14 8AA, England",020 3026 4964,londonclimbingcentres.co.uk,canarywall@londonclimbingcentres.co.uk
Amazing Activities,"Unit 3, Jessop Close, Clacton-on-Sea, Essex, CO15 4LX, England",01255 476263,amazingactivitiesgroup.co.uk,
Ebbw Vale Leisure Centre,"Ebbw Vale, Ebbw Vale, Gwent, NP23 6XB, Wales",01495 303 766,,
Downside Settlement Boys Clubs,"Coxson Place, Druid St, London, Greater London, SE1 2EZ, England",020 7407 0093,,
VauxWall East Climbing Centre,"1 Cabanel Place
Lollard Street, London, Greater London, SE11 6BD, England",0203 026 4958,vauxwall.co.uk,vauxwall@londonclimbingcentres.co.uk
Rock Frog Reading Wall,"Loddon Valley Leisure Rushey Way Lower Earley Reading Berks RG6 4GD, Reading, Berkshire, RG6 4GD, England",1256886543,amphibia-group.co.uk,theteam@amphibia-group.co.uk
Loddon Valley Leisure Centre,"Loddon Valley Leisure Centre, Lower Earley, Reading, Berkshire, RG6 5HZ, England",0118 9867333,rockfrog.co.uk,theteam@rockfrog.co.uk
The Climbing Hangar London,"Unit 5 Parsons Green Depot,, 33-39 Parsons Green Lane, London, Greater London, SW6 4HH, England",2073715247,theclimbinghangar.com,london@theclimbinghangar.com
VauxWall West Climbing Centre,"Arch 45b - 47c South Lambeth Road, Vauxhall, London, London, Greater London, SW8 1SR, England",020 7160 0248,londonclimbingcentres.co.uk,vauxwall@londonclimbingcentres.co.uk
The Arch Climbing Wall - Building One,"Unit A01 BUILDING ONE - Drummond Rd - Tower Bridge Business Complex., Greater London, Greater London, SE16 4DG, England",,archclimbingwall.com,thebiscuit@archclimbingwall.com
High Sports Basildon,"Basildon Sporting Village, Gloucester Park North, Crane Farm Road, Basildon, Essex, SS14 3GR, England",,,
Tredegar Leisure Centre,"Stable Lane, Tredegar, Gwent, NP22 4BH, Wales",01495 723 554,,
Stubbers Adventure Centre,"Ockendon Rd, Upminster, Essex, RM14 2TY, England",01708 224 753,,
The Reach - Climbing Wall,"Unit 6 Mellish Industrial Estate, Harrington Way (Off Warspite Road), London, Greater London, SE18 5NR, England",020 8855 9598,thereach.org.uk,info@thereach.org.uk
Brixton Recreation Centre,"Brixton Station Rd, Brixton, London, Greater London, SW9 8QQ, England",020 7926 9779,leisureconnection.co.uk,
Above Adventure,"Grange Church
Woodstock Street, Kilmarnock, Ayrshire, KA1 2BE, Scotland",,aboveadventure.co.uk,
Substation Brixton,"Ellerslie Industrial Estate
Lyham Road, Brixton, Greater London, SW2 5DZ, England",7871229815,substation.co.uk,info@substationbrixton.co.uk
The Aspire Centre - ASCENT CLIMBING,"337 Merton Road, London, Greater London, SW18 5JU, England",020 88752603,southfields.wandsworth.sch.uk,
Hampton School Rock Wall,"Hampton School, Hanworth Rd, Hampton, Middlesex, TW12, England",020 8979 5526,,
Eversley Leisure Centre (was Terry Marsh Centre),"Crest Ave, Pitsea, Basildon, Essex, SS13 2EF, England",01268 583 076,,
Sunbury Leisure Centre,"The Heights, Nursery Rd, Sunbury-on-Thames, Middlesex, TW16 6LG, England",01932 772 287,,
Ernest Bevin School,"Beechcroft Rd, Tooting, London, Greater London, SW17 7DF, England",020 8672 8582,,
Patchway Sports Centre,"Hempton Lane, Almondsbury, Bristol, Avon, BS32 4AJ, England",01454 617 713,,
Xtreme Vortex Mobile Climbing Wall,"Bexleyheath, Kent, Greater London, DA75NP, England",7739560990,xtremevortex.co.uk,mail@xtremevortex.co.uk
Clements Hall Sports Centre,"Clements Way, Hawkwell, Hockley, Essex, SS5 4LN, England",01702 207 777,,
Xcel Climbing Wall,"Elmbridge Xcel Leisure Complex, Waterside Drive, Walton on Thames, Surrey, Walton on Thames, Surrey, KT12 2JG, England",01932 260300,elmbridge.gov.uk,dustytalbot@pfpleisure.org
The Boardroom Climbing (Wimbledon),"Wimbledon Quarter (was Centre Court Shopping Centre)
4 Queens Road, Wimbledon, Greater London, SW19 8YE, England",2080174647,theboardroomclimbing.com,wimbledon@theboardroomclimbing.com
The Boardroom Climbing (Wimbledon),"Wimbledon Quarter
4 Queens Road, Wimbledon, Greater London, SW19 8YE, England",2080174647,theboardroomclimbing.com,wimbledon@theboardroomclimbing.com
St Dunstan's College,"Stanstead Rd, Catford, London, Greater London, SE6 4TY, England",,stdunstans.org.uk,
Fairwater Leisure Centre,"Ty Gwyn Rd, Fairwater, Cwmbran, Gwent, NP44 4YZ, Wales",01633 872 811,,
Leap Of Faith,"Leap Of Faith, Wild Place, Blackhorse Hill, Bristol, BS10 7TP, Bristol, Avon, BS10 7TP, England",1173737531,leapoffaith.co.uk,info@leapoffaith.co.uk
Wellington Sports Club,"Wellington College, Crowthorne, Berkshire, RG45 7PU, England",01344 444244,wellingtoncollegesportsclub.co.uk,membership@wellingtoncollegesportsclub.co.uk
"RAC Colerne,  Azimghur Barracks","North Colerne, Chippenham, Wiltshire, SN14 8QY, England",01225 743 240,,
Downend Sports Centre,"Westerleigh Rd, Downend, Bristol, Avon, BS16 6XA, England",0117 956 0688,,
Mobile climbing wall,"Horse Shoe Lake  Mill Lane, Sandhurst, Berkshire, GU47 8JW, England",01252 871 808,vertical-reality.co.uk,carl@vertical-reality.co.uk
Centre for Sport,"University of the West of England, Frenchay Campus, Coldharbour Lane,, Bristol, Avon, BS16 1QY, England",1173286200,.uwe.ac.uk,centreforsport@uwe.ac.uk
White Spider Climbing,"225 Hook Rise South, SURBITON, Kingston upon Thames, Greater London, KT6 7LD, England",0208 397 0390,whitespiderclimbing.com,climb@whitespiderclimbing.com
The Climbing Academy Glasgow,"124 Portman Street, Glasgow, Glasgow, G41 1EJ, Scotland",0141 429 6331,theclimbingacademy.com,www.glasgow@theclimbingacademy.com
Pontllanfrath Leisure Centre,"Coed Cae Ddu Road,, Pontllanfraith, Blackwood, Gwent, NP12 2DA, Wales",,,
Glasgow Climbing Centre,"Ibrox Church, 534 Paisley Road West, Ibrox, Glasgow, Lanarkshire, G51 1RN, Scotland",0141 427 9550,glasgowclimbingcentre.co.uk,reception@glasgowclimbingcentre.co.uk
Rock UK - Summit Centre,"The Old Drift Mine, Trelewis,, Treharris, Merthyr Tydfil, CF46 6RD, Wales",01443 710090,rockuk.org,summit.centre@rockuk.org
Rhino Boulder Bromley,"Unit 6&7, The Mall, Bromley, Kent, BR1 1TR, England",2080508720,rhinoboulder.co.uk,bromley@rhinoboulder.co.uk
Chessington Rocks!,"Chessington Community College,, Chessington Sports Centre,, Garrison Lane, Chessington, Surrey, KT92JS, England",0208 974 2277,chessingtonrocks.co.uk,screed1@rbksch.org
Undercover Rock/The Bristol Climbing Centre,"St Werburgh's Church, Mina Road, Bristol, Avon, BS2 9YT, England",0117 941 3489,undercover-rock.com,enquries@undercover-rock.com
Sutton Youth Centre,"Robin Hood Lane, Sutton, Surrey, SM1 2SD, England",020 8642 0634,,
CroyWall Climbing Centre,"Unit 7 New south quarter whitestoneway
croydon, Croydon, Greater London, CR0 4WN, England",020 3026 4967,croywall.co.uk,info@croywall.co.uk
Bloc Climbing,"Unit 2, New Gatton Road, St Werburghs, Bristol, Avon, BS2 9SH, England",0117 9558 508,blocclimbing.co.uk,info@blocclimbing.co.uk
The Climbing Academy,"Lower Belvedere House, Charlton Street, Bristol, Avon, BS50FD, England",1179072956,theclimbingacademy.com,bristolinfo@theclimbingacademy.com
Bristol Grammar School Sports & Leisure Centre,"University Rd, Bristol, Avon, BS8 1SR, England",0117 925 8055,,
Woking Leisure Centre,"Kingfield Rd, Woking, Surrey, GU22 9BA, England",01483 771 122,,
Craggy Island 2,"The Oaks Sports Centre, Woodmansterne Road, Carshalton, Greater London, SM5 4AN, England",0844 8808866,craggy-island.com,info@craggy-island.com
YMCA Power Station Gym,"101-102 Wells Rd, Knowle, Bristol, Avon, BS4 2BS, England",0117 909 0240,,
Monks Hill Sports Centre,"Farnborough Ave, South Croydon, Surrey, CR2 8HD, England",020 8651 0984,,
Climbzone,"Soar at Intu Braehead, Kings Inch Road, Braehead, Renfrewshire, Paisley, East Renfrewshire, PA4 8XQ, Scotland",0141 8865459,climbzone.co.uk,reception@climbzone.co.uk
Redpoint Bristol Climbing Centre,"40 Winterstoke Road, Bedminster, Bristol, Avon, BS3 2NW, England",0117 3322222,redpointbristol.co.uk,info@redpointbristol.co.uk
The Peak Climbing Wall,"The Peak, Stirling Sports Village, Forthside Way, Stirling, Stirlingshire, FK7 7UJ, Scotland",01786 273555,activestirling.org.uk,
Cascades Leisure Centre,"Thong Lane, Gravesend, Kent, DA12 4LG, England",01474 337 471,,
"Army School of Physical Training, Fox Lines","Queens Avenue, Aldershot, Hampshire, GU11 2LB, England",01252 349011,,
Hengrove Park Leisure Centre - Climbing Wall,"Hengrove Park Leisure Centre, Hengrove Promenade, Hengrove Park, Bristol, Avon, BS14 0DE, England",0117 9370200,leisurecentre.com,hengrove.climbing@parkwood-leisure.co.uk
Treejumpers Woodland Park,"this centre is now closed, Longfield, Kent, DA3 8NZ, England",0800 0560474,treejumpers.com,info@treejumpers.com
Avertical World,"7-11 Blinshall Street, Dundee, Angus, DD1 5DF, Scotland",01382 201 901,averticalworld.co.uk,
Blue Spider Climbing,"Unit 9, Cobbett Park, Slyfield Industrial Estate, Moorfield Road, Guildford, Surrey, GU1 1RU, England",01483 566880,craggy-island.com,climb@bluespiderclimbing.com
Castledown Sports & Community Centre,"Tidworth Road, Ludgershall, Andover, Hampshire, SP11 9RR, England",01264 791 177,,
Centre for Sport and Physical Recreation,"University of Glamorgan, Llantwit Rd, Treforest, Pontypridd, Mid Glamorgan, CF37 1TR, Wales",01443 482 681,,
Surrey Summit,"Surrey Summit, University of Surrey, Richard Meyjes Road, Guildford, Surrey, GU2 7AD, England",01483 683698,surreysportspark.co.uk,climbing@surreysportspark.co.uk
Spot Climbing Centre,"Unit 11 Rizla House,, Severn Road,, Treforest Industrial Estate, Pontypridd, Cardiff, CF37 5SP, Wales",01443 843 116,spotclimbing.co.uk,info@spotclimbing.co.uk
Whitchurch Climbing Wall,"Micheldever Road, Whitchurch, Winchester, Hampshire, RG28 7JF, England",01256 892261,thebmc.co.uk,paul@harrison.uk.com
TLC Climbing Wall,"Nadder Road, Tidworth, Hampshire, SP9 7QN, England",01980 - 847140,,
Boulders - Indoor climbing Cardiff,"St Catherine's Park, Pengam Road, Cardiff, Cardiff, CF24 2RZ, Wales",0845 52 118 50,bouldersuk.com,info@boulders-climbing.com
Perth College UHI Climbing Centre,"Academy of Sport and Well-being, Crieff Road, Perth, Perth and Kinross, PH1 2NX, Scotland",01738 877 313,perth.uhi.ac.uk,pccwinfo.perth@uhi.ac.uk
Writhlington Sports Centre,"Writhlington Sports Centre,, Writhlington School,, Knobsbury Lane,, Radstock, Bath, Somerset, BA3 3NQ, England",01761 438559,writhlingtonsportscentre.co.uk,shayden@writhlington.org.uk
Crawfordsburn,"Northern Ireland Scout Centre, 20 Bridge Road South, Helen’s Bay, Crawfordsburn, Co. Down, BT19 1JT, Northern Ireland",028 9185 3307,,
Frome Sports Centre,"Princess Anne Rd, Frome, Somerset, BA11 2SA, England",01373 465 446,avalonleisure.com,kylewithers@avalonleisure.com
Boulders Culverhouse Cross,"Boulders Culverhouse Cross
Valegate Retail Park
Copthorne Way, Cardiff, Vale of Glamorgan, CF56EH, Wales",,culverhouse.bouldersuk.com,culverhouse@bouldersuk.com
Lower Grange Farm Climbing Centre,"Kent Scouts Activity Centre, Lower Grange Farm, , Grange Lane,, Sandling, Maidstone, Kent, ME14 3DA, England",01622 766840,lowergrangefarm.co.uk,centre.manager@kentscouts.org.uk
Dynamic Rock - Swansea Indoor Climbing Centre,"16-18 Hebron Road, Clydach, Swansea, SA6 5EJ, Wales",01792 845655,dynamicrock.co.uk,info@dynamicrock.co.uk
Arran Adventure Centre,"Auchrannie Road, Brodick, Arran, KA27 8BZ, Scotland",01770 302244,arranadventure.com,info@arranadventure.com
The Climbing Experience,"Unit G15 Baltic Wharf, St Peter's St, Maidstone ME16 0ST, Maidstone, Kent, ME16 0ST, England",01622 677977,theclimbingexperience.co.uk,info@theclimbingexperience.co.uk
Hotrock Climbing Wall,"Tollymore Mountain Centre, Bryansford, Newcastle, Northern Ireland, Co. Down, BT33 0PT, Northern Ireland",028 4372 5354,hotrockwall.com,info@hotrockwall.com
Extreme Rock Climbing Centre,"Locking Parklands, Weston super Mare, Somerset, BS24, England",,robbie@dartrock.co.uk,
Maidstone Leisure Centre,"Mote Park, Willow Way, Maidstone, Kent, ME15 7RN, England",01622 761 111,,
Weston Youth Centre,"Coleridge Rd, Weston-super-Mare, Avon, BS23 3UP, England",01934 625 167,,
The Climbing Hangar Swansea,"Unit 3, Castell Close, Swansea Enterprise Park, Swansea, West Glamorgan, SA7 9FH, Wales",01792 721 244,theclimbinghangar.com,swansea@theclimbinghangar.com
Tonbridge School,"Tonbridge School, London Road, Tonbridge, Kent, TN10 3AG, England",,sportscentre.tonbridge-school.co.uk,
Port Talbot YMCA,"48/52 Talbot Rd, Port Talbot, West Glamorgan, SA13 1HU, Wales",01639 887 034,porttalbotymca.org.uk,reception@porttalbotymca.org.uk
Sparsholt College Climbing Wall,"Westley Lane, Sparsholt, Winchester, Hampshire, S021 2NF, England",sparsholt.ac.uk,,climbing@sparsholt.ac.uk
McLaren Leisure Centre,"Mollands Rd, Callander, Perthshire, FK17 8JP, Scotland",01877 330 000,mclarenleisurecentre.co.uk,alastair@mclarenleisure.co.uk
The Ozone Leisure Complex,"Ormeau Embankment, Belfast, Co. Antrim, BT6 8LT, Northern Ireland",02890 458 024,,
Queens University Physical Education Centre,"Botanic Park, Belfast, Co. Antrim, BT9 5EX, Northern Ireland",02890 681 126,,
Queen's University Belfast PEC,"Botanic Park, Belfast, CO. ANTRIM, BELFAST, Co. Antrim, BT9 5EX, Northern Ireland",,qub.ac.uk,
Treejumpers at the Hop Farm,"Paddock Wood, Tonbridge, Kent, Tonbridge, Kent, TN12 6PY, England",0800 056 0474,treejumpers.com,info@treejumpers.com
BoulderWorld Belfast,"Unit 1, Boucher Business Centre, Apollo Road, Belfast, Co. Antrim, BT12 6HP, Northern Ireland",2890662007,boulderworldbelfast.com,contact@boulderworldbelfast.com
High Sports Crawley,"K2 Leisure Centre, Pease Pottage Hill, Crawley, West Sussex, RH11 9BQ, England",0345 363 1177,high-sports.co.uk,contact@high-sports.co.uk
Chimera Climbing Centre,"Unit 3 North Farm Road, High Brooms Industrial Estate, Tunbridge Wells, Kent, TN2 3DR, England",01892 457294,chimeraclimbing.com,info@chimeraclimbing.com
Swansea University,"Swansea University Sports Centre, Sketty Lane, Swansea, SA2 8QB, Wales",01792 543555,swansea.ac.uk,g.m.diment@swansea.ac.uk
Blackland Farm Activity Centre,"Grinstead Lane, East Grinstead, West Sussex, RH19 4HP, England",01342 810 493,,
Clyne Farm Activities Centre,"off Wesport Ave, Mayals, Swansea, Swansea, Swansea, SA3 5AR, Wales",01792 403 333,clynefarm.com,info@clynefarm.com
Evolution Climbing,"Plumyfeather Farm, Lye Green, Crowborough, East Sussex., Crowborough, Kent, TN6 1UX, England",01892 862924,evolutionclimbing.co.uk,info@evolutionclimbing.co.uk
King's School Recreation Centre,"St Stephens Rd, Canterbury, Kent, CT2 7HU, England",01227 595 602,,
"Golden Gecko Climbing, Romsey","Unit 34 Romsey Industrial Estate, Greatbridge Road, Romsey, Hampshire, SO510HR, England",01794 590022,ggclimbing.com,info@ggclimbing.com
Climb Midhurst,"Climb Midhurst, Midhurst Rother College, North Street, Midhurst, West Sussex, GU29 9DT, England",01243 812936,chichester.ac.uk,climbmidhurst@chichester.ac.uk
Revolution Climbing Centre,"Revolution Skatepark, Oakwood Industrial Estate, Dane Valley Road, St Peters,, Broadstairs, Kent, CT10 3JJ, England",01843 866707/6,revolutionclimbingcentre.co.uk,sam@revolutionskatepark.co.uk
Strode College,"Church Rd, Street, Somerset, BA16 0AB, England",01458 844 400,,
Highland Adventure Wall Climb,"Highland Adventure Centre, Knockshannoch,, Glenisla, Blairgowrie, Perthshire, PH11 8PE, Scotland",01575 582 238,highlandadventure.co.uk,jbsmuir@highlandadventure.co.uk
Parthian Climbing Southampton,"Parthian Climbing, E1 Adanac Park, Adanac Dr, Nursling, Southampton, Hampshire, SO16 0BT, England",023 8110 3112,parthianclimbing.com,southampton@parthianclimbing.com
Wildern School Sports Hall,"Wildern Lane, Hedge End La, Southampton, Hampshire, SO30 4EJ, England",01489 787 128,,
Boulder Shack Climbing Gym,"Boulder Shack
Unit 4 Imperial Park
Empress Road, Southampton, Hampshire, SO14 0JW, England",023 8017 1808,bouldershack.co.uk,team@bouldershack.co.uk
YMCA National Centre,"Fairthorne Manor, Curdridge, Botley, Southampton, Hampshire, SO30 2GH, England",01489 785 228,,
The North School Climbing Wall,"Essella Road, Ashford, Kent, KENT, England",01233 614600,north.kent.sch.uk,north-school@north.kent.sch.uk
Playsport,"Pro-Soccer,, Playsport,, Stewartfield Way,, East Kilbride, Lanarkshire, G74 4GT, Scotland",01355 231 144,pro-climb.co.uk,ek@pro-climb.co.uk
Playsport,"Playsport,, Stewartfield, East Kilbride, Lanarkshire, G744GT, Scotland",01355 231 144,playsportscotland.com,ek@pro-soccer.co.uk
Altitude Mobile Climbing Walls,"Old Brookhouse Barn, Brookhouse Lane, Framfield, East Sussex, TN22 5QJ, England",07832 227571,rentaclimbingwall.com,mail@altitudeevents.org
Red Spider Climbing Wall,"Unit N, Fort Wallington Industrial Estate, Fareham, Hampshire, PO16 8TT, England",1329292823,redspiderclimbing.com,climb@redspiderclimbing.com
Fort Purbrook Activity Centre,"Peter Ashley Lane, Portsdown Hill Rd, Cosham, Portsmouth, Hampshire, PO6 1BJ, England",023 9232 1223,peterashleyactivitycentres.co.uk,office@peterashleyactivitycentres.co.uk
YMCA Lurgab,"4 Carnegie Street, Lurgan, Co. Antrim, BT66 6AS, Northern Ireland",,ymcalurgan.com,
Interactive Entertainment,"21 Bellair Road, Havant, Hampshire, PO9 2RG, England",2392788427,interactiveents.co.uk,info@interactiveents.co.uk
UCD (University College Dublin),"Sports Centre, University College Dublin, Belfield, Dublin, Co. Dublin, D4, Ireland",-7161833,ucd.ie,lesley.murray@ucd.ie
EYE Bouldering Cave,"Minehead EYE, Mart Road, Minehead, Somerset, TA24 5BJ, England",01643 703155,mineheadeye.co.uk,reception@minehead-eye.co.uk
Gilford Community Centre,"5 Stramore Road, Gilford, Co. Down, BT63 6HL, Northern Ireland",02838 831708,gilfordleisure.com,gilford@armaghbanbridgecraigavon.gov.uk
Gilford Climbing Club,"5 Stramore Road, Gilford, Co. Down, Northern Ireland",02838 831708,,
"University of Dublin, Trinity College","Trinity College Dublin Sports Centre, Dublin 2, Dublin, Co. Dublin, DUBLIN 2, Ireland",01 8961812,tcd.ie,sport@tcd.ie
Chichester College Climbing Wall,"Chichester College, (Chichester Campus), West Gate Fields, Chichester, West Sussex, PO19 1SB, England",01243 812936,chichester.ac.uk,climbchichester@chichester.ac.uk
Oxley Sports Centre,"Bradford Rd, Sherborne, Dorset DT9 3QN, Sherborne, Dorset, DT9 3QN, England",01935 818270,oxleysc.com,info@oxleysc.com
Calshot Activity Centre,"Calshot Spit, Fawley, Southampton, Hampshire, SO45 1BR, England",023 80 892 077,calshot.com,calshot.ac@hants.gov.uk
Awesome Walls Dublin,"Unit 6, North Park Business Park, Finglas, Co. Dublin, D11 YP40, Ireland",18800088,awesomewalls.ie,dublin@awesomewalls.ie
ready2climb,"Unit 10, Buckland Road, Pen Mill Trading Estate, Yeovil, Somerset, BA21 5EA, England",01935 413675,ready2climb.co.uk,info@ready2climb.co.uk
Brighton & Hove Climbing Centre,"Withdean Sports Complex, Tongdean Lane, Brighton, East Sussex, BN1 5JD, England",0345 363 1177,high-sports.co.uk,contact@high-sports.co.uk
Kingsdown International Scout Camp,"The Avenue, Kingsdown, Deal, Kent, CT14 8DU, England",01304 373 713,,
Lewes Leisure Centre,"Mountfield Rd, Lewes, East Sussex, BN7 2XG, England",01273 486 000,waveleisure.co.uk,
The Overhang,"Castle Slipway, Castle Beach, Tenby, Pembrokeshire, SA70 7BP, Wales",01834 842302,tenbyclimbingwall.co.uk,info@tenbyclimbingwall.co.uk
Adur Outdoor Activities Centre,"Brighton Rd, Shoreham-by-Sea, West Sussex, BN43 5LT, England",01273 462928,aoac.org.uk,
Shoreham Indoor Wall,"Adur Outdoor Activities Centre, Brighton Road, Shoreham-by-Sea, West Sussex, BN43 5LT, England",01273 462928,facebook.com,
Boulder Brighton,"Boulder Brighton, Unit 7b/c Victoria Road Trading Estate, Portslade, Brighton, East Sussex, BN41 1XQ, England",1273422408,boulderbrighton.com,info@boulderbrighton.com
Climb Hayling,"Hayling College, Church Road, Hayling Island, Hampshire., Hayling island, Hampshire, PO11ONU, England",01243 812936,chichester.ac.uk,
Worthing Leisure Centre,"West Park, Shaftsbury Avenue, Goring-by-Sea, Worthing, West Sussex, BN12 4ET, England",01903 502 237,,
The Hot Wall,"Clarence Pier, Portsmouth, Hampshire, PO5 3AE, England",,,
Arena Sports Centre,"Arena Sports Centre, Westloats Lane, Bognor Regis, PO21 5JD, Bognor Regis, West Sussex, PO21 5JD, England",01243 870000,,info@arenasportscentre.com
Taunton School,"Staplegrove Rd, Taunton, Somerset, TA2 6AD, England",01823 703111,tauntonschoolevents.co.uk,sportsclub@tauntonschool.co.uk
The Rock Court,"Stanley Deason Leisure Centre, Wilson Avenue, Brighton, East Sussex, BN2 9PB, England",01273 681058,aultd.org,christophe@aultd.org
The Hangout,"Haverfordwest Leisure Centre, St Thomas Green, Haverfordwest, Pembrokeshire, SA61 1QX, Wales",01437 776676,facebook.com,
RGU:SPORT,"Garthdee Road, Aberdeen, Aberdeenshire, AB10 7GE, Scotland",(01224) 263760,rgu.ac.uk,
The Edge,"Queen Elizabeth Leisure Centre, Blandford Rd, Wimborne, DORSET, Wimborne Minster, Dorset, BH21 4DT, England",01202 888 208,qe-leisure-centre.co.uk,Queenelizabeth@dorsetcouncil.gov.uk
Transition Extreme,"Links Road, Aberdeen, Aberdeenshire, AB24 5NN, Scotland",01224 626279,transition-extreme.com,info@transition-extreme.com
Robsack Centre,"Bodiam Drive,, St Leonards on Sea, East Sussex, TN38 9TW, England",01424 855222,fsncharity.co.uk,michellehooper56@yahoo.co.uk
Pembrokeshire Adventure Centre,"Cleddau Reach, Pembroke Dock, Pembrokeshire, SA72 6UJ, Wales",01646 622013,princes-trust.org.uk,adventure@princes-trust.org.uk
Portchester School,"Harewood Avenue, Bournemouth, Dorset, BH7 6NZ, England",01202 309841,bournemouthclimbing.co.uk,info@bournemouthclimbing.co.uk
Rossmore Leisure Centre,"Herbert Avenue, Poole, Dorset, BH12 4HR, England",01202 738787,everyoneactive.com,
Twr-y-Felin Outdoor Centre,"St Davids, Haverfordwest, Pembrokeshire, SA62 6QS, Wales",01437 720 391,,
The Project Climbing Centre,"The Project Climbing Centre, Dolphin Centre, Poole, Dorset, BH15 1UD, England",01202 660153,theprojectclimbingcentre.co.uk,info@theprojectclimbingcentre.co.uk
Purbeck Sports Centre,"Worgret Rd, Wareham, Dorset, BH20 4PH, England",01929 556 454,bluelagoonstore.co.uk,sales@bluelagoonstore.co.uk
Kingston Maurward,"Kingston Maurward Agricultural College, Dorchester, Dorset, DT2 8PY, England",01305 215000,kmc.ac.uk,
West Dorset Leisure Centre,"by Thomas Hardye School, Coburg Rd, Dorchester, Dorset, DT1 2HR, England",01305 266 772,,
Rock and Rapid Adventures,"Rock and Rapid Adventures,
Hacche Mill,
South Molton,
Devon,
EX36 3NA, South Molton, Devon, EX36 3NA, England",01769 309003,rockandrapidadventures.co.uk,info@rockandrapidadventures.co.uk
Tiverton Sports Hall,"Tiverton School, Bolham Rd, Tiverton, Devon, EX16 6SG, England",01884 252 467,,
Rockburn Ltd,"Rockburn Ltd, Priory Lane, Bridport, Dorset, DT6 3RW, England",01308 426375,rockburn-bridport.com,hello@rockburn-bridport.co.uk
Alford,"Greystone Road, Alford, Aberdeenshire, AB33 8UR, Scotland",01975 562922,,alford.campus@aberdeenshire.gov.uk
The Wall in the Hall,"81 King Street, Tiverton, Devon, EX16 5JJ, England",7546518213,facebook.com,
Swanage Youth Centre,"Chapel Lane, Swanage, Dorset, BH19 2PW, England",01929 423 421,,
Pilton Community Centre,"72 Chaddiford Lane, Barnstaple, Devon, EX31 1RB, England",01271 374 381,northdevonclimbingclubndcc.org.uk,ndcc@madasafish.com
North Devon College,"Old Sticklepath Hill, Sticklepath, Barnstaple, Devon, EX31 2BQ, England",01271 388 023,,
Braunton School and Community College,"Exeter Rd, Braunton, Devon, EX33 2JL, England",01271 812 221,,
"The Aloft, At The Sea Cadet Training Centre","Sea Cadet Training Centre, Barrack Road, Weymouth, Dorset, DT4 8TZ, England",01305 775191,climbaloft.org.uk,mkeates@ms-sc.org
Atlantis Leisure Centre,"Dalriach Rd, Oban, Argyll and Bute, PA34 5JE, Scotland",01631 566 800,,
Glenmore Lodge,"Glenmore, Aviemore, Invernesshire, PH22 1QU, Scotland",01479 861 256,glenmorelodge.org.uk,enquiries@glenmorelodge.org.uk
The Ice Factor,"Leven Road, Kinlochleven, Lochaber, Highland, PH50 4SF, Scotland",01855 831100,ice-factor.co.uk,info@ice-factor.co.uk
Hangout Climbing Gym,"Unit 2
Network Enterprise Complex
South Way,
Southwell Business Park
Portland
Dorset
DT5 2NJ, Portland, Dorset, DT5 2NJ, England",4.4787E+11,thehhangoutclimbing.simplybook.it,Thehangoutclimbing@outlook.com
Exeter University Sports Hall,"Stocker Rd, Exeter, Devon, EX4 4QN, England",01392 264 452,ex.ac.uk,
Peterhead Community Centre,"Balmoor Terrace, Peterhead, Aberdeenshire, AB42 1EP, Scotland",01779 477 277,,
Quay Climbing Centre - Exeter,"Quay Climbing Centre, Haven Road, Exeter, Exeter, Devon, EX2 8AX, England",01392 426 850,quayclimbingcentre.co.uk,climb@quayclimbingcentre.co.uk
ClipnClimb - Exeter,"Quay Climbing Centre, Haven Road, Haven Banks, Exeter, Devon, EX2 8AX, England",07876 777816,clipnclimbexeter.co.uk,aaran@clipnclimbexeter.co.uk
Haven Banks Outdoor Education Centre,"61 Haven Road, Exeter, Devon, EX2 8BP, England",01392 434668,,havenb@devon.gov.uk
The Climbing Hangar Exeter,"6 Marsh Green Rd N, 
Marsh Barton, Exeter, Devon, EX2 8NY, England",01392 301830,theclimbinghangar.com,exeter@theclimbinghangar.com
